Customer Name,Transaction ID,Transaction Day,Revenue
Meridian Priority,MT-0001,2026-09-27,450.00
Meridian Priority,MT-0002,2026-09-13,450.00
Meridian Priority,MT-0003,2026-08-30,450.00
Meridian Priority,MT-0004,2026-08-16,450.00
Meridian Priority,MT-0005,2026-08-02,450.00
Meridian Priority,MT-0006,2026-07-19,450.00
Meridian Priority,MT-0007,2026-07-05,450.00
Meridian Priority,MT-0008,2026-06-21,450.00
Meridian Priority,MT-0009,2026-06-07,450.00
Meridian Priority,MT-0010,2026-05-24,450.00
Meridian Priority,MT-0011,2026-05-10,450.00
Meridian Priority,MT-0012,2026-04-26,450.00
Harbor Tours,MT-0013,2026-09-26,210.00
Harbor Tours,MT-0014,2026-08-27,210.00
Harbor Tours,MT-0015,2026-07-28,210.00
Harbor Tours,MT-0016,2026-06-28,210.00
Harbor Tours,MT-0017,2026-05-29,210.00
Harbor Tours,MT-0018,2026-04-29,210.00
Coastal Excursions,MT-0019,2026-09-24,450.00
Coastal Excursions,MT-0020,2026-08-25,300.00
Coastal Excursions,MT-0021,2026-07-26,100.00
Coastal Excursions,MT-0022,2026-06-26,100.00
Coastal Excursions,MT-0023,2026-05-27,100.00
Coastal Excursions,MT-0024,2026-04-27,100.00
Bluebird Travel,MT-0025,2026-09-24,500.00
Bluebird Travel,MT-0026,2026-08-25,1500.00
Bluebird Travel,MT-0027,2026-07-26,1200.00
Bluebird Travel,MT-0028,2026-06-26,1000.00
Bluebird Travel,MT-0029,2026-05-27,900.00
Bluebird Travel,MT-0030,2026-04-27,800.00
Desert Link,MT-0031,2026-06-26,400.00
Desert Link,MT-0032,2026-05-27,450.00
Desert Link,MT-0033,2026-04-27,500.00
Desert Link,MT-0034,2026-03-18,600.00
Old Town Shuttle,MT-0035,2026-03-08,400.00
Old Town Shuttle,MT-0036,2026-02-06,400.00
Old Town Shuttle,MT-0037,2026-01-07,400.00
Old Town Shuttle,MT-0038,2025-12-08,400.00
QuickRide Local,MT-0039,2026-09-27,25.00
QuickRide Local,MT-0040,2026-09-13,25.00
