Service Date,Depot,Capacity,Occupied Hours,Downtime,Operating Cost
7/19/2026,Central Depot,560,458,1.2,260
7/26/2026,Central Depot,560,459,1.35,279.5
8/2/2026,Central Depot,560,460,1.5,300.46
8/9/2026,Central Depot,560,461,1.2,323
8/16/2026,Central Depot,560,458,1.35,347.22
8/23/2026,Central Depot,560,459,1.5,373.26
8/30/2026,Central Depot,560,460,1.2,401.26
9/6/2026,Central Depot,560,461,1.35,431.35
9/13/2026,Central Depot,560,458,1.5,463.7
9/20/2026,Central Depot,560,459,1.2,498.48
9/27/2026,Central Depot,560,460,1.35,535.87
10/4/2026,Central Depot,560,461,18,576.06
