Service Date,Vehicle,Route,Distance KM,Fuel Consumed,Fuel Use Rate,Cost
2026-07-19,Bus-17,Airport Express,1800,147.60,8.20,243.54
2026-07-26,Bus-17,Airport Express,1800,148.05,8.22,244.28
2026-08-02,Bus-17,Airport Express,1800,148.50,8.25,245.02
2026-08-09,Bus-17,Airport Express,1800,148.95,8.27,245.77
2026-08-16,Bus-17,Airport Express,1800,149.40,8.30,246.51
2026-08-23,Bus-17,Airport Express,1800,149.85,8.32,247.25
2026-08-30,Bus-17,Airport Express,1800,150.30,8.35,248.00
2026-09-06,Bus-17,Airport Express,1800,150.75,8.38,248.74
2026-09-13,Bus-17,Airport Express,1800,151.20,8.40,249.48
2026-09-20,Bus-17,Airport Express,1800,151.65,8.42,250.22
2026-09-27,Bus-17,Airport Express,1800,152.10,8.45,250.96
2026-10-04,Bus-17,Airport Express,1800,212.40,11.80,350.46
