Trip Date,Route,Distance KM,Travel Minutes
2026-07-19,Airport Express,42,64
2026-07-19,Harbor Line,31,51
2026-07-19,University Loop,24,39
2026-07-26,Airport Express,42,65
2026-07-26,Harbor Line,31,52
2026-07-26,University Loop,24,40
2026-08-02,Airport Express,42,66
2026-08-02,Harbor Line,31,53
2026-08-02,University Loop,24,39
2026-08-09,Airport Express,42,64
2026-08-09,Harbor Line,31,54
2026-08-09,University Loop,24,40
2026-08-16,Airport Express,42,65
2026-08-16,Harbor Line,31,51
2026-08-16,University Loop,24,39
2026-08-23,Airport Express,42,66
2026-08-23,Harbor Line,31,52
2026-08-23,University Loop,24,40
2026-08-30,Airport Express,42,64
2026-08-30,Harbor Line,31,53
2026-08-30,University Loop,24,39
2026-09-06,Airport Express,42,65
2026-09-06,Harbor Line,31,54
2026-09-06,University Loop,24,40
2026-09-13,Airport Express,42,66
2026-09-13,Harbor Line,31,51
2026-09-13,University Loop,24,39
2026-09-20,Airport Express,42,64
2026-09-20,Harbor Line,31,52
2026-09-20,University Loop,24,40
2026-09-27,Airport Express,42,65
2026-09-27,Harbor Line,31,53
2026-09-27,University Loop,24,39
2026-10-04,Airport Express,42,66
2026-10-04,Harbor Line,31,54
2026-10-04,University Loop,24,40
