Received Date,Supplier,Lead Time,Buy Price
2026-07-19,Gulf Fleet Parts,3.00,1850.00
2026-07-26,Gulf Fleet Parts,3.05,1875.00
2026-08-02,Gulf Fleet Parts,3.10,1900.00
2026-08-09,Gulf Fleet Parts,3.00,1850.00
2026-08-16,Gulf Fleet Parts,3.05,1875.00
2026-08-23,Gulf Fleet Parts,3.10,1900.00
2026-08-30,Gulf Fleet Parts,3.00,1850.00
2026-09-06,Gulf Fleet Parts,3.05,1875.00
2026-09-13,Gulf Fleet Parts,3.10,1900.00
2026-09-20,Gulf Fleet Parts,3.00,1850.00
2026-09-27,Gulf Fleet Parts,3.05,1875.00
2026-10-04,Gulf Fleet Parts,18.00,1900.00
