Ticket Date,Ticket Ref,Route,Passengers,Revenue
2026-07-19,T-01-001,Airport Express,310,5200
2026-07-19,T-01-002,Harbor Line,420,6800
2026-07-19,T-01-003,University Loop,270,4000
2026-07-26,T-02-004,Airport Express,310,5200
2026-07-26,T-02-005,Harbor Line,420,6800
2026-07-26,T-02-006,University Loop,270,4000
2026-08-02,T-03-007,Airport Express,310,5200
2026-08-02,T-03-008,Harbor Line,420,6800
2026-08-02,T-03-009,University Loop,270,4000
2026-08-09,T-04-010,Airport Express,310,5200
2026-08-09,T-04-011,Harbor Line,420,6800
2026-08-09,T-04-012,University Loop,270,4000
2026-08-16,T-05-013,Airport Express,310,5200
2026-08-16,T-05-014,Harbor Line,420,6800
2026-08-16,T-05-015,University Loop,270,4000
2026-08-23,T-06-016,Airport Express,310,5200
2026-08-23,T-06-017,Harbor Line,420,6800
2026-08-23,T-06-018,University Loop,270,4000
2026-08-30,T-07-019,Airport Express,310,5200
2026-08-30,T-07-020,Harbor Line,420,6800
2026-08-30,T-07-021,University Loop,270,4000
2026-09-06,T-08-022,Airport Express,310,5200
2026-09-06,T-08-023,Harbor Line,420,6800
2026-09-06,T-08-024,University Loop,270,4000
2026-09-13,T-09-025,Airport Express,310,5200
2026-09-13,T-09-026,Harbor Line,420,6800
2026-09-13,T-09-027,University Loop,270,4000
2026-09-20,T-10-028,Airport Express,310,5200
2026-09-20,T-10-029,Harbor Line,420,6800
2026-09-20,T-10-030,University Loop,270,4000
2026-09-27,T-11-031,Airport Express,310,5200
2026-09-27,T-11-032,Harbor Line,420,6800
2026-09-27,T-11-033,University Loop,270,4000
2026-10-04,T-12-034,Airport Express,310,5200
2026-10-04,T-12-035,Harbor Line,420,6800
2026-10-04,T-12-036,University Loop,270,4000
