Snapshot Date,Ingredient,Supplier,Stock Level,Reorder Point,Lead Time Days,Unit Cost,Warehouse
2026-07-19,Wheat Flour,Millstone Grains,950,500,3.2,0.82,Main Store
2026-07-19,Cocoa Powder,Cocoa Coast,620,400,6.0,4.80,Main Store
2026-07-19,Tomato Paste,Valley Produce,1800,1000,2.5,1.25,Cold Store
2026-07-26,Wheat Flour,Millstone Grains,900,500,3.1,0.82,Main Store
2026-07-26,Cocoa Powder,Cocoa Coast,590,400,5.8,4.80,Main Store
2026-07-26,Tomato Paste,Valley Produce,1740,1000,2.4,1.25,Cold Store
2026-08-02,Wheat Flour,Millstone Grains,860,500,3.0,0.83,Main Store
2026-08-02,Cocoa Powder,Cocoa Coast,560,400,6.2,4.85,Main Store
2026-08-02,Tomato Paste,Valley Produce,1690,1000,2.6,1.25,Cold Store
2026-08-09,Wheat Flour,Millstone Grains,820,500,3.3,0.83,Main Store
2026-08-09,Cocoa Powder,Cocoa Coast,530,400,6.1,4.85,Main Store
2026-08-09,Tomato Paste,Valley Produce,1630,1000,2.5,1.26,Cold Store
2026-08-16,Wheat Flour,Millstone Grains,780,500,3.1,0.84,Main Store
2026-08-16,Cocoa Powder,Cocoa Coast,500,400,6.4,4.90,Main Store
2026-08-16,Tomato Paste,Valley Produce,1580,1000,2.7,1.26,Cold Store
2026-08-23,Wheat Flour,Millstone Grains,740,500,3.2,0.84,Main Store
2026-08-23,Cocoa Powder,Cocoa Coast,470,400,6.0,4.90,Main Store
2026-08-23,Tomato Paste,Valley Produce,1520,1000,2.4,1.26,Cold Store
2026-08-30,Wheat Flour,Millstone Grains,700,500,3.0,0.85,Main Store
2026-08-30,Cocoa Powder,Cocoa Coast,440,400,6.3,4.95,Main Store
2026-08-30,Tomato Paste,Valley Produce,1470,1000,2.6,1.27,Cold Store
2026-09-06,Wheat Flour,Millstone Grains,660,500,3.1,0.85,Main Store
2026-09-06,Cocoa Powder,Cocoa Coast,410,400,6.2,4.95,Main Store
2026-09-06,Tomato Paste,Valley Produce,1410,1000,2.5,1.27,Cold Store
2026-09-13,Wheat Flour,Millstone Grains,620,500,3.2,0.86,Main Store
2026-09-13,Cocoa Powder,Cocoa Coast,380,400,9.0,5.10,Main Store
2026-09-13,Tomato Paste,Valley Produce,1360,1000,2.4,1.28,Cold Store
2026-09-20,Wheat Flour,Millstone Grains,580,500,3.0,0.86,Main Store
2026-09-20,Cocoa Powder,Cocoa Coast,350,400,12.0,5.25,Main Store
2026-09-20,Tomato Paste,Valley Produce,1300,1000,2.6,1.28,Cold Store
2026-09-27,Wheat Flour,Millstone Grains,540,500,3.3,0.87,Main Store
2026-09-27,Cocoa Powder,Cocoa Coast,330,400,16.0,5.40,Main Store
2026-09-27,Tomato Paste,Valley Produce,1240,1000,2.5,1.29,Cold Store
2026-10-04,Wheat Flour,Millstone Grains,460,500,3.2,0.87,Main Store
2026-10-04,Cocoa Powder,Cocoa Coast,310,400,18.0,5.65,Main Store
2026-10-04,Tomato Paste,Valley Produce,1180,1000,2.6,1.30,Cold Store
