Production Date,Product,Quantity,Capacity,Downtime Hours,Operating Cost
2026-07-19,Wholegrain Bread,8200,12000,1.2,18400
2026-07-26,Wholegrain Bread,8350,12000,1.1,18650
2026-08-02,Wholegrain Bread,8500,12000,1.4,18900
2026-08-09,Wholegrain Bread,8650,12000,1.0,19150
2026-08-16,Wholegrain Bread,8800,12000,1.3,19400
2026-08-23,Wholegrain Bread,8950,12000,1.2,19650
2026-08-30,Wholegrain Bread,9100,12000,1.5,19900
2026-09-06,Wholegrain Bread,9250,12000,1.1,20150
2026-09-13,Wholegrain Bread,9400,12000,1.4,20400
2026-09-20,Wholegrain Bread,9550,12000,1.2,20650
2026-09-27,Wholegrain Bread,9700,12000,1.3,20900
2026-10-04,Wholegrain Bread,7900,12000,8.5,21600
